code,metaName,name,leadSource,companyName,returnTimes,returnTime,returnReason,owner,claimDate,dueDate
10092832882,clue,瓦力版,"{'defaultItem': False, 'id': 'option20', 'label': '其它', 'name': 'option20'}",上海八斗智能技术有限公司,0,null,null,"{'code': '10064203981', 'metaName': 'User', 'name': '汪军瑞', 'dept': {'path': '/koios/10011453293', 'code': '10013028623', 'metaName': 'Org', 'name': '销售部'}}",null,null
10092832583,clue,瓦力版,"{'defaultItem': False, 'id': 'option20', 'label': '其它', 'name': 'option20'}",轩昊（上海）网络科技有限公司,0,null,null,"{'code': '10064203981', 'metaName': 'User', 'name': '汪军瑞', 'dept': {'path': '/koios/10011453293', 'code': '10013028623', 'metaName': 'Org', 'name': '销售部'}}",null,null
10092832235,clue,瓦力版,"{'defaultItem': False, 'id': 'option20', 'label': '其它', 'name': 'option20'}",上海琥度软件有限公司,0,null,null,"{'code': '10064203981', 'metaName': 'User', 'name': '汪军瑞', 'dept': {'path': '/koios/10011453293', 'code': '10013028623', 'metaName': 'Org', 'name': '销售部'}}",null,null
10092691491,clue,瓦利版,null,迅邦（北京）国际知识产权代理有限公司,0,null,null,"{'code': '10064203947', 'metaName': 'User', 'name': '杨维维', 'dept': {'path': '/koios/10011453293', 'code': '10013028623', 'metaName': 'Org', 'name': '销售部'}}",null,null
10091045627,clue,瓦力版,null,青岛启晟睿网络科技有限公司,0,null,null,"{'code': '10036806361', 'metaName': 'User', 'name': '王飞', 'dept': {'path': '/koios/10011453293', 'code': '10013028623', 'metaName': 'Org', 'name': '销售部'}}",null,null
10091191531,clue,瓦力版,null,东莞市众核动力信息科技有限公司,0,null,null,"{'code': '10064203903', 'metaName': 'User', 'name': '王昌勇', 'dept': {'path': '/koios/10011453293', 'code': '10013028623', 'metaName': 'Org', 'name': '销售部'}}",null,null
10091190730,clue,瓦力版,null,陕西硅芯似见有限公司,0,null,null,"{'code': '10064203903', 'metaName': 'User', 'name': '王昌勇', 'dept': {'path': '/koios/10011453293', 'code': '10013028623', 'metaName': 'Org', 'name': '销售部'}}",null,null
10091189966,clue,瓦力版,null,烟台通路网络科技有限公司,0,null,null,"{'code': '10064203903', 'metaName': 'User', 'name': '王昌勇', 'dept': {'path': '/koios/10011453293', 'code': '10013028623', 'metaName': 'Org', 'name': '销售部'}}",null,null
10091189174,clue,瓦力版,null,无锡创木建筑科技有限公司,0,null,null,"{'code': '10064203903', 'metaName': 'User', 'name': '王昌勇', 'dept': {'path': '/koios/10011453293', 'code': '10013028623', 'metaName': 'Org', 'name': '销售部'}}",null,null
10091188195,clue,瓦力版,null,青岛门萨维智能机器人技术有限公司,0,null,null,"{'code': '10064203903', 'metaName': 'User', 'name': '王昌勇', 'dept': {'path': '/koios/10011453293', 'code': '10013028623', 'metaName': 'Org', 'name': '销售部'}}",null,null
10091187107,clue,瓦力版,null,青岛畅信达通信有限公司,0,null,null,"{'code': '10064203903', 'metaName': 'User', 'name': '王昌勇', 'dept': {'path': '/koios/10011453293', 'code': '10013028623', 'metaName': 'Org', 'name': '销售部'}}",null,null
10091186025,clue,瓦力版,null,济南启云网络科技有限公司,0,null,null,"{'code': '10064203903', 'metaName': 'User', 'name': '王昌勇', 'dept': {'path': '/koios/10011453293', 'code': '10013028623', 'metaName': 'Org', 'name': '销售部'}}",null,null
10091184905,clue,瓦力版,null,聆蜂科技（唐山）有限公司,0,null,null,"{'code': '10064203903', 'metaName': 'User', 'name': '王昌勇', 'dept': {'path': '/koios/10011453293', 'code': '10013028623', 'metaName': 'Org', 'name': '销售部'}}",null,null
10091183854,clue,瓦力版,null,沈阳云维网络科技有限公司,0,null,null,"{'code': '10064203903', 'metaName': 'User', 'name': '王昌勇', 'dept': {'path': '/koios/10011453293', 'code': '10013028623', 'metaName': 'Org', 'name': '销售部'}}",null,null
10091182284,clue,瓦力版,null,广西南宁市加一网络科技有限公司,0,null,null,"{'code': '10064203903', 'metaName': 'User', 'name': '王昌勇', 'dept': {'path': '/koios/10011453293', 'code': '10013028623', 'metaName': 'Org', 'name': '销售部'}}",null,null
10091138850,clue,瓦力版,null,惠州市全意科技有限公司,0,null,null,"{'code': '10064203903', 'metaName': 'User', 'name': '王昌勇', 'dept': {'path': '/koios/10011453293', 'code': '10013028623', 'metaName': 'Org', 'name': '销售部'}}",null,null
10091130587,clue,瓦力版,null,浙江星空互语智能科技有限公司,0,null,null,"{'code': '10064203903', 'metaName': 'User', 'name': '王昌勇', 'dept': {'path': '/koios/10011453293', 'code': '10013028623', 'metaName': 'Org', 'name': '销售部'}}",null,null
10091129856,clue,瓦力版,null,厦门童木信息科技有限公司,0,null,null,"{'code': '10064203903', 'metaName': 'User', 'name': '王昌勇', 'dept': {'path': '/koios/10011453293', 'code': '10013028623', 'metaName': 'Org', 'name': '销售部'}}",null,null
10091094330,clue,瓦力版,null,重庆决明科技有限公司,0,null,null,"{'code': '10064203903', 'metaName': 'User', 'name': '王昌勇', 'dept': {'path': '/koios/10011453293', 'code': '10013028623', 'metaName': 'Org', 'name': '销售部'}}",null,null
10091090633,clue,瓦力版,null,成都小多科技有限公司,0,null,null,"{'code': '10064203903', 'metaName': 'User', 'name': '王昌勇', 'dept': {'path': '/koios/10011453293', 'code': '10013028623', 'metaName': 'Org', 'name': '销售部'}}",null,null
10091089058,clue,瓦力版,null,成都世讯电科信息技术有限公司,0,null,null,"{'code': '10064203903', 'metaName': 'User', 'name': '王昌勇', 'dept': {'path': '/koios/10011453293', 'code': '10013028623', 'metaName': 'Org', 'name': '销售部'}}",null,null
10091046462,clue,瓦力版,null,嘉兴移领网络科技有限公司,0,null,null,"{'code': '10036806361', 'metaName': 'User', 'name': '王飞', 'dept': {'path': '/koios/10011453293', 'code': '10013028623', 'metaName': 'Org', 'name': '销售部'}}",null,null
10091046054,clue,瓦力版,null,长沙泊里里网络科技有限公司,0,null,null,"{'code': '10036806361', 'metaName': 'User', 'name': '王飞', 'dept': {'path': '/koios/10011453293', 'code': '10013028623', 'metaName': 'Org', 'name': '销售部'}}",null,null
10091045911,clue,瓦力版,null,江苏小桔企业管理咨询有限公司,0,null,null,"{'code': '10036806361', 'metaName': 'User', 'name': '王飞', 'dept': {'path': '/koios/10011453293', 'code': '10013028623', 'metaName': 'Org', 'name': '销售部'}}",null,null
10070784576,clue,瓦力版,"{'defaultItem': False, 'id': 'option18', 'label': '客户介绍', 'name': 'option18'}",慧之声科技（上海）有限公司,0,null,null,"{'code': '10064203903', 'metaName': 'User', 'name': '王昌勇', 'dept': {'path': '/koios/10011453293', 'code': '10013028623', 'metaName': 'Org', 'name': '销售部'}}",null,null
10080071440,clue,瓦力版,"{'defaultItem': False, 'id': 'option16', 'label': '网络信息', 'name': 'option16'}",江苏英菲沃网络科技有限公司,0,null,null,"{'code': '10064203903', 'metaName': 'User', 'name': '王昌勇', 'dept': {'path': '/koios/10011453293', 'code': '10013028623', 'metaName': 'Org', 'name': '销售部'}}",null,null
10080077094,clue,瓦力版,"{'defaultItem': False, 'id': 'option16', 'label': '网络信息', 'name': 'option16'}",上海汇捷信息科技有限公司,0,null,null,"{'code': '10064203903', 'metaName': 'User', 'name': '王昌勇', 'dept': {'path': '/koios/10011453293', 'code': '10013028623', 'metaName': 'Org', 'name': '销售部'}}",null,null
10080077511,clue,瓦力版,"{'defaultItem': False, 'id': 'option16', 'label': '网络信息', 'name': 'option16'}",上海微企信息技术股份有限公司,0,null,null,"{'code': '10064203903', 'metaName': 'User', 'name': '王昌勇', 'dept': {'path': '/koios/10011453293', 'code': '10013028623', 'metaName': 'Org', 'name': '销售部'}}",null,null
10080077608,clue,瓦力版,"{'defaultItem': False, 'id': 'option16', 'label': '网络信息', 'name': 'option16'}",统一通信（苏州）有限公司,0,null,null,"{'code': '10064203903', 'metaName': 'User', 'name': '王昌勇', 'dept': {'path': '/koios/10011453293', 'code': '10013028623', 'metaName': 'Org', 'name': '销售部'}}",null,null
10090972281,clue,瓦力版,"{'defaultItem': False, 'id': 'option20', 'label': '其它', 'name': 'option20'}",成都速远科技有限公司,0,null,null,"{'code': '10064203981', 'metaName': 'User', 'name': '汪军瑞', 'dept': {'path': '/koios/10011453293', 'code': '10013028623', 'metaName': 'Org', 'name': '销售部'}}",null,null
10080079873,clue,瓦力版,"{'defaultItem': False, 'id': 'option16', 'label': '网络信息', 'name': 'option16'}",江苏梦翔通讯设备有限公司,0,null,null,"{'code': '10064203903', 'metaName': 'User', 'name': '王昌勇', 'dept': {'path': '/koios/10011453293', 'code': '10013028623', 'metaName': 'Org', 'name': '销售部'}}",null,null
10080082550,clue,瓦力版,"{'defaultItem': False, 'id': 'option16', 'label': '网络信息', 'name': 'option16'}",上海涑流文化传播有限公司,0,null,null,"{'code': '10064203903', 'metaName': 'User', 'name': '王昌勇', 'dept': {'path': '/koios/10011453293', 'code': '10013028623', 'metaName': 'Org', 'name': '销售部'}}",null,null
10090969631,clue,瓦力版,"{'defaultItem': False, 'id': 'option20', 'label': '其它', 'name': 'option20'}",重庆法骑士信息技术有限公司,0,null,null,"{'code': '10064203981', 'metaName': 'User', 'name': '汪军瑞', 'dept': {'path': '/koios/10011453293', 'code': '10013028623', 'metaName': 'Org', 'name': '销售部'}}",null,null
10090968854,clue,瓦力版,"{'defaultItem': False, 'id': 'option20', 'label': '其它', 'name': 'option20'}",福州晋安区顶顶通软件有限公司,0,null,null,"{'code': '10064203981', 'metaName': 'User', 'name': '汪军瑞', 'dept': {'path': '/koios/10011453293', 'code': '10013028623', 'metaName': 'Org', 'name': '销售部'}}",null,null
10090968339,clue,瓦力版,"{'defaultItem': False, 'id': 'option20', 'label': '其它', 'name': 'option20'}",福建昌捷智能科技有限公司,0,null,null,"{'code': '10064203981', 'metaName': 'User', 'name': '汪军瑞', 'dept': {'path': '/koios/10011453293', 'code': '10013028623', 'metaName': 'Org', 'name': '销售部'}}",null,null
10090966490,clue,瓦力版,"{'defaultItem': False, 'id': 'option20', 'label': '其它', 'name': 'option20'}",厦门市佰业通信息技术有限公司,0,null,null,"{'code': '10064203981', 'metaName': 'User', 'name': '汪军瑞', 'dept': {'path': '/koios/10011453293', 'code': '10013028623', 'metaName': 'Org', 'name': '销售部'}}",null,null
10090964593,clue,瓦力版,"{'defaultItem': False, 'id': 'option20', 'label': '其它', 'name': 'option20'}",厦门多米诺数据科技有限公司,0,null,null,"{'code': '10064203981', 'metaName': 'User', 'name': '汪军瑞', 'dept': {'path': '/koios/10011453293', 'code': '10013028623', 'metaName': 'Org', 'name': '销售部'}}",null,null
10090964412,clue,瓦力版,"{'defaultItem': False, 'id': 'option20', 'label': '其它', 'name': 'option20'}",广州市邦悦信息科技有限公司,0,null,null,"{'code': '10064203981', 'metaName': 'User', 'name': '汪军瑞', 'dept': {'path': '/koios/10011453293', 'code': '10013028623', 'metaName': 'Org', 'name': '销售部'}}",null,null
10090963924,clue,瓦力版,"{'defaultItem': False, 'id': 'option20', 'label': '其它', 'name': 'option20'}",合肥大航网络服务外包有限公司,0,null,null,"{'code': '10064203981', 'metaName': 'User', 'name': '汪军瑞', 'dept': {'path': '/koios/10011453293', 'code': '10013028623', 'metaName': 'Org', 'name': '销售部'}}",null,null
10090963732,clue,瓦力版,"{'defaultItem': False, 'id': 'option20', 'label': '其它', 'name': 'option20'}",山东盟信天下网络技术有限公司,0,null,null,"{'code': '10064203981', 'metaName': 'User', 'name': '汪军瑞', 'dept': {'path': '/koios/10011453293', 'code': '10013028623', 'metaName': 'Org', 'name': '销售部'}}",null,null
10090963292,clue,瓦力版,"{'defaultItem': False, 'id': 'option20', 'label': '其它', 'name': 'option20'}",青岛新生代软件有限公司,0,null,null,"{'code': '10064203981', 'metaName': 'User', 'name': '汪军瑞', 'dept': {'path': '/koios/10011453293', 'code': '10013028623', 'metaName': 'Org', 'name': '销售部'}}",null,null
10090953647,clue,瓦力版,"{'defaultItem': False, 'id': 'option20', 'label': '其它', 'name': 'option20'}",武汉佰鸣网络科技有限公司,0,null,null,"{'code': '10064203981', 'metaName': 'User', 'name': '汪军瑞', 'dept': {'path': '/koios/10011453293', 'code': '10013028623', 'metaName': 'Org', 'name': '销售部'}}",null,null
10090923233,clue,瓦力版,"{'defaultItem': False, 'id': 'option20', 'label': '其它', 'name': 'option20'}",江苏英菲沃网络科技有限公司,0,null,null,"{'code': '10064203981', 'metaName': 'User', 'name': '汪军瑞', 'dept': {'path': '/koios/10011453293', 'code': '10013028623', 'metaName': 'Org', 'name': '销售部'}}",null,null
10090916761,clue,瓦力版,"{'defaultItem': False, 'id': 'option20', 'label': '其它', 'name': 'option20'}",武汉千百亿科技有限公司,0,null,null,"{'code': '10064203981', 'metaName': 'User', 'name': '汪军瑞', 'dept': {'path': '/koios/10011453293', 'code': '10013028623', 'metaName': 'Org', 'name': '销售部'}}",null,null
10090906377,clue,瓦力版,"{'defaultItem': False, 'id': 'option20', 'label': '其它', 'name': 'option20'}",长沙乐科信息技术有限公司,0,null,null,"{'code': '10064203981', 'metaName': 'User', 'name': '汪军瑞', 'dept': {'path': '/koios/10011453293', 'code': '10013028623', 'metaName': 'Org', 'name': '销售部'}}",null,null
10090900252,clue,瓦力版,"{'defaultItem': False, 'id': 'option20', 'label': '其它', 'name': 'option20'}",郑州蓝创科技有限公司,0,null,null,"{'code': '10064203981', 'metaName': 'User', 'name': '汪军瑞', 'dept': {'path': '/koios/10011453293', 'code': '10013028623', 'metaName': 'Org', 'name': '销售部'}}",null,null
10090899703,clue,瓦力版,"{'defaultItem': False, 'id': 'option20', 'label': '其它', 'name': 'option20'}",河南爱音信息科技有限公司,0,null,null,"{'code': '10064203981', 'metaName': 'User', 'name': '汪军瑞', 'dept': {'path': '/koios/10011453293', 'code': '10013028623', 'metaName': 'Org', 'name': '销售部'}}",null,null
10090898857,clue,瓦力版,"{'defaultItem': False, 'id': 'option20', 'label': '其它', 'name': 'option20'}",佛山市开思软件技术有限公司,0,null,null,"{'code': '10064203981', 'metaName': 'User', 'name': '汪军瑞', 'dept': {'path': '/koios/10011453293', 'code': '10013028623', 'metaName': 'Org', 'name': '销售部'}}",null,null
10090823487,clue,瓦力版,null,广州畅聊云智能科技有限公司,0,null,null,"{'code': '10036806361', 'metaName': 'User', 'name': '王飞', 'dept': {'path': '/koios/10011453293', 'code': '10013028623', 'metaName': 'Org', 'name': '销售部'}}",null,null
10090819575,clue,瓦力版,null,厦门猕猴桃科技有限公司,0,null,null,"{'code': '10036806361', 'metaName': 'User', 'name': '王飞', 'dept': {'path': '/koios/10011453293', 'code': '10013028623', 'metaName': 'Org', 'name': '销售部'}}",null,null
10090819455,clue,瓦力版,null,福建云诺信息科技有限公司,0,null,null,"{'code': '10036806361', 'metaName': 'User', 'name': '王飞', 'dept': {'path': '/koios/10011453293', 'code': '10013028623', 'metaName': 'Org', 'name': '销售部'}}",null,null
10090819353,clue,瓦力版,null,成都彼邻智能科技有限公司,0,null,null,"{'code': '10036806361', 'metaName': 'User', 'name': '王飞', 'dept': {'path': '/koios/10011453293', 'code': '10013028623', 'metaName': 'Org', 'name': '销售部'}}",null,null
10090817015,clue,Y瓦利版,"{'defaultItem': False, 'id': 'option16', 'label': '网络信息', 'name': 'option16'}",宜春市六一三网络广告有限公司,0,null,null,"{'code': '10064203947', 'metaName': 'User', 'name': '杨维维', 'dept': {'path': '/koios/10011453293', 'code': '10013028623', 'metaName': 'Org', 'name': '销售部'}}",null,null
10090632843,clue,瓦力版,null,成都分期客科技有限公司,0,null,null,"{'code': '10036806361', 'metaName': 'User', 'name': '王飞', 'dept': {'path': '/koios/10011453293', 'code': '10013028623', 'metaName': 'Org', 'name': '销售部'}}",null,null
10082226478,clue,瓦力版,null,深圳市天眼云客信息技术有限公司,0,null,null,"{'code': '10036806361', 'metaName': 'User', 'name': '王飞', 'dept': {'path': '/koios/10011453293', 'code': '10013028623', 'metaName': 'Org', 'name': '销售部'}}",null,null
10085617980,clue,Y瓦力版,"{'defaultItem': False, 'id': 'option16', 'label': '网络信息', 'name': 'option16'}",上海展冠网络科技有限公司,0,null,null,"{'code': '10064203947', 'metaName': 'User', 'name': '杨维维', 'dept': {'path': '/koios/10011453293', 'code': '10013028623', 'metaName': 'Org', 'name': '销售部'}}",null,null
10083661890,clue,瓦力版,"{'defaultItem': False, 'id': 'option20', 'label': '其它', 'name': 'option20'}",杭州市承天之佑网络科技有限公司,0,null,null,"{'code': '10064203981', 'metaName': 'User', 'name': '汪军瑞', 'dept': {'path': '/koios/10011453293', 'code': '10013028623', 'metaName': 'Org', 'name': '销售部'}}",null,null
10083661246,clue,瓦力版,"{'defaultItem': False, 'id': 'option20', 'label': '其它', 'name': 'option20'}",江苏梦翔通讯设备有限公司,0,null,null,"{'code': '10064203981', 'metaName': 'User', 'name': '汪军瑞', 'dept': {'path': '/koios/10011453293', 'code': '10013028623', 'metaName': 'Org', 'name': '销售部'}}",null,null
10083622962,clue,瓦力版,null,北京慧闻科技（集团）有限公司,0,null,null,"{'code': '10064203903', 'metaName': 'User', 'name': '王昌勇', 'dept': {'path': '/koios/10011453293', 'code': '10013028623', 'metaName': 'Org', 'name': '销售部'}}",null,null
10083534500,clue,瓦力版,null,北京大予科技股份有限公司,0,null,null,"{'code': '10064203903', 'metaName': 'User', 'name': '王昌勇', 'dept': {'path': '/koios/10011453293', 'code': '10013028623', 'metaName': 'Org', 'name': '销售部'}}",null,null
10083534078,clue,瓦力版,null,北京云雀智享科技有限公司,0,null,null,"{'code': '10064203903', 'metaName': 'User', 'name': '王昌勇', 'dept': {'path': '/koios/10011453293', 'code': '10013028623', 'metaName': 'Org', 'name': '销售部'}}",null,null
10083533612,clue,瓦力版,null,巨石在线（北京）科技有限公司,0,null,null,"{'code': '10064203903', 'metaName': 'User', 'name': '王昌勇', 'dept': {'path': '/koios/10011453293', 'code': '10013028623', 'metaName': 'Org', 'name': '销售部'}}",null,null
10083532939,clue,瓦力版,null,北京万柯伟业科技有限公司,0,null,null,"{'code': '10064203903', 'metaName': 'User', 'name': '王昌勇', 'dept': {'path': '/koios/10011453293', 'code': '10013028623', 'metaName': 'Org', 'name': '销售部'}}",null,null
10082625701,clue,瓦力版,null,深圳市轻码云科技有限公司,0,null,null,"{'code': '10013028628', 'metaName': 'User', 'name': '徐毅', 'dept': {'path': '/koios/10011453293', 'code': '10013028623', 'metaName': 'Org', 'name': '销售部'}}",null,null
10082625621,clue,瓦力版,null,深圳市你说我做智能有限公司,0,null,null,"{'code': '10013028628', 'metaName': 'User', 'name': '徐毅', 'dept': {'path': '/koios/10011453293', 'code': '10013028623', 'metaName': 'Org', 'name': '销售部'}}",null,null
10082625327,clue,瓦力版,null,北京千呼人工智能科技有限公司,0,null,null,"{'code': '10013028628', 'metaName': 'User', 'name': '徐毅', 'dept': {'path': '/koios/10011453293', 'code': '10013028623', 'metaName': 'Org', 'name': '销售部'}}",null,null
10082625230,clue,瓦力版,null,深圳市云之讯网络技术有限公司,0,null,null,"{'code': '10013028628', 'metaName': 'User', 'name': '徐毅', 'dept': {'path': '/koios/10011453293', 'code': '10013028623', 'metaName': 'Org', 'name': '销售部'}}",null,null
10082625196,clue,瓦力版,null,云趣在线（深圳）科技有限公司,0,null,null,"{'code': '10013028628', 'metaName': 'User', 'name': '徐毅', 'dept': {'path': '/koios/10011453293', 'code': '10013028623', 'metaName': 'Org', 'name': '销售部'}}",null,null
10082625069,clue,瓦力版,null,深圳市一号互联科技有限公司,0,null,null,"{'code': '10013028628', 'metaName': 'User', 'name': '徐毅', 'dept': {'path': '/koios/10011453293', 'code': '10013028623', 'metaName': 'Org', 'name': '销售部'}}",null,null
10082572501,clue,瓦力版,"{'defaultItem': False, 'id': 'option16', 'label': '网络信息', 'name': 'option16'}",北京烽火万家科技有限公司,0,null,null,"{'code': '10064203947', 'metaName': 'User', 'name': '杨维维', 'dept': {'path': '/koios/10011453293', 'code': '10013028623', 'metaName': 'Org', 'name': '销售部'}}",null,null
10082565579,clue,瓦力版,null,合肥企道网络科技有限公司,0,null,null,"{'code': '10036806361', 'metaName': 'User', 'name': '王飞', 'dept': {'path': '/koios/10011453293', 'code': '10013028623', 'metaName': 'Org', 'name': '销售部'}}",null,null
10082565538,clue,瓦力版,"{'defaultItem': False, 'id': 'option16', 'label': '网络信息', 'name': 'option16'}",北京汉云信通技术有限公司,0,null,null,"{'code': '10064203947', 'metaName': 'User', 'name': '杨维维', 'dept': {'path': '/koios/10011453293', 'code': '10013028623', 'metaName': 'Org', 'name': '销售部'}}",null,null
10082514978,clue,瓦力版,"{'defaultItem': False, 'id': 'option20', 'label': '其它', 'name': 'option20'}",北京紫平方信息技术股份有限公司,0,null,null,"{'code': '10064203981', 'metaName': 'User', 'name': '汪军瑞', 'dept': {'path': '/koios/10011453293', 'code': '10013028623', 'metaName': 'Org', 'name': '销售部'}}",null,null
10082509506,clue,瓦力版,"{'defaultItem': False, 'id': 'option20', 'label': '其它', 'name': 'option20'}",深圳市龙翔房地产投资顾问有限公司,0,null,null,"{'code': '10064203981', 'metaName': 'User', 'name': '汪军瑞', 'dept': {'path': '/koios/10011453293', 'code': '10013028623', 'metaName': 'Org', 'name': '销售部'}}",null,null
10082506998,clue,瓦力版,"{'defaultItem': False, 'id': 'option16', 'label': '网络信息', 'name': 'option16'}",北京联云天下科技有限公司,0,null,null,"{'code': '10064203947', 'metaName': 'User', 'name': '杨维维', 'dept': {'path': '/koios/10011453293', 'code': '10013028623', 'metaName': 'Org', 'name': '销售部'}}",null,null
10082505356,clue,瓦力版,"{'defaultItem': False, 'id': 'option20', 'label': '其它', 'name': 'option20'}",北京汇智培优教育科技有限公司,0,null,null,"{'code': '10064203981', 'metaName': 'User', 'name': '汪军瑞', 'dept': {'path': '/koios/10011453293', 'code': '10013028623', 'metaName': 'Org', 'name': '销售部'}}",null,null
10082504767,clue,瓦力版,"{'defaultItem': False, 'id': 'option16', 'label': '网络信息', 'name': 'option16'}",北京华夏春松科技有限公司,0,null,null,"{'code': '10064203947', 'metaName': 'User', 'name': '杨维维', 'dept': {'path': '/koios/10011453293', 'code': '10013028623', 'metaName': 'Org', 'name': '销售部'}}",null,null
10082503098,clue,瓦力版,"{'defaultItem': False, 'id': 'option20', 'label': '其它', 'name': 'option20'}",北京音迪网络科技有限公司,0,null,null,"{'code': '10064203981', 'metaName': 'User', 'name': '汪军瑞', 'dept': {'path': '/koios/10011453293', 'code': '10013028623', 'metaName': 'Org', 'name': '销售部'}}",null,null
10082478130,clue,瓦力版,"{'defaultItem': False, 'id': 'option20', 'label': '其它', 'name': 'option20'}",北京宏盛高新技术有限公司,0,null,null,"{'code': '10064203981', 'metaName': 'User', 'name': '汪军瑞', 'dept': {'path': '/koios/10011453293', 'code': '10013028623', 'metaName': 'Org', 'name': '销售部'}}",null,null
10082453266,clue,瓦力版,null,深圳市壹鸽科技有限公司,0,null,null,"{'code': '10036806361', 'metaName': 'User', 'name': '王飞', 'dept': {'path': '/koios/10011453293', 'code': '10013028623', 'metaName': 'Org', 'name': '销售部'}}",null,null
10082452668,clue,瓦力版,null,东营金志网络科技有限公司,0,null,null,"{'code': '10036806361', 'metaName': 'User', 'name': '王飞', 'dept': {'path': '/koios/10011453293', 'code': '10013028623', 'metaName': 'Org', 'name': '销售部'}}",null,null
10082452015,clue,瓦力版,"{'defaultItem': False, 'id': 'option20', 'label': '其它', 'name': 'option20'}",北京智齿博创科技有限公司,0,null,null,"{'code': '10064203981', 'metaName': 'User', 'name': '汪军瑞', 'dept': {'path': '/koios/10011453293', 'code': '10013028623', 'metaName': 'Org', 'name': '销售部'}}",null,null
10082451062,clue,瓦力版,null,深圳市惠捷通科技有限公司,0,null,null,"{'code': '10036806361', 'metaName': 'User', 'name': '王飞', 'dept': {'path': '/koios/10011453293', 'code': '10013028623', 'metaName': 'Org', 'name': '销售部'}}",null,null
10082447551,clue,瓦力版,"{'defaultItem': False, 'id': 'option20', 'label': '其它', 'name': 'option20'}",深圳科大人工智能科技有限公司,0,null,null,"{'code': '10064203981', 'metaName': 'User', 'name': '汪军瑞', 'dept': {'path': '/koios/10011453293', 'code': '10013028623', 'metaName': 'Org', 'name': '销售部'}}",null,null
10082446675,clue,瓦力版,null,北京知行信科技有限公司,0,null,null,"{'code': '10036806361', 'metaName': 'User', 'name': '王飞', 'dept': {'path': '/koios/10011453293', 'code': '10013028623', 'metaName': 'Org', 'name': '销售部'}}",null,null
10082446085,clue,瓦力版,null,上海易沃软件科技有限公司,0,null,null,"{'code': '10064203903', 'metaName': 'User', 'name': '王昌勇', 'dept': {'path': '/koios/10011453293', 'code': '10013028623', 'metaName': 'Org', 'name': '销售部'}}",null,null
10082445088,clue,瓦力版,"{'defaultItem': False, 'id': 'option16', 'label': '网络信息', 'name': 'option16'}",北京任网行科技有限公司,0,null,null,"{'code': '10064203947', 'metaName': 'User', 'name': '杨维维', 'dept': {'path': '/koios/10011453293', 'code': '10013028623', 'metaName': 'Org', 'name': '销售部'}}",null,null
10082444874,clue,瓦力版,null,杭州大坝科技有限公司,0,null,null,"{'code': '10064203903', 'metaName': 'User', 'name': '王昌勇', 'dept': {'path': '/koios/10011453293', 'code': '10013028623', 'metaName': 'Org', 'name': '销售部'}}",null,null
10082443367,clue,瓦力版,null,江苏优度软件有限公司,0,null,null,"{'code': '10064203903', 'metaName': 'User', 'name': '王昌勇', 'dept': {'path': '/koios/10011453293', 'code': '10013028623', 'metaName': 'Org', 'name': '销售部'}}",null,null
10082284242,clue,瓦力版,"{'defaultItem': False, 'id': 'option16', 'label': '网络信息', 'name': 'option16'}",深圳泽亿科技有限公司,0,null,null,"{'code': '10064203947', 'metaName': 'User', 'name': '杨维维', 'dept': {'path': '/koios/10011453293', 'code': '10013028623', 'metaName': 'Org', 'name': '销售部'}}",null,null
10082248470,clue,瓦力版,null,深圳市长鑫盛通科技有限公司,0,null,null,"{'code': '10064203903', 'metaName': 'User', 'name': '王昌勇', 'dept': {'path': '/koios/10011453293', 'code': '10013028623', 'metaName': 'Org', 'name': '销售部'}}",null,null
10081189391,clue,瓦力版,null,江苏小桔企业管理咨询有限公司,0,null,null,"{'code': '10064203903', 'metaName': 'User', 'name': '王昌勇', 'dept': {'path': '/koios/10011453293', 'code': '10013028623', 'metaName': 'Org', 'name': '销售部'}}",null,null
10081188511,clue,瓦力版,null,杭州日思夜享数据科技有限公司,0,null,null,"{'code': '10064203903', 'metaName': 'User', 'name': '王昌勇', 'dept': {'path': '/koios/10011453293', 'code': '10013028623', 'metaName': 'Org', 'name': '销售部'}}",null,null
10082225139,clue,瓦力版,null,深圳市英之杰网络科技有限公司,0,null,null,"{'code': '10064203903', 'metaName': 'User', 'name': '王昌勇', 'dept': {'path': '/koios/10011453293', 'code': '10013028623', 'metaName': 'Org', 'name': '销售部'}}",null,null
10081188214,clue,瓦力版,null,上海美橙科技信息发展有限公司,0,null,null,"{'code': '10064203903', 'metaName': 'User', 'name': '王昌勇', 'dept': {'path': '/koios/10011453293', 'code': '10013028623', 'metaName': 'Org', 'name': '销售部'}}",null,null
10081187687,clue,瓦力版,null,杭州鸟瞰智能科技股份有限公司,0,null,null,"{'code': '10064203903', 'metaName': 'User', 'name': '王昌勇', 'dept': {'path': '/koios/10011453293', 'code': '10013028623', 'metaName': 'Org', 'name': '销售部'}}",null,null
10082223395,clue,瓦力版,"{'defaultItem': False, 'id': 'option20', 'label': '其它', 'name': 'option20'}",深圳商虫云网络有限公司,0,null,null,"{'code': '10064203981', 'metaName': 'User', 'name': '汪军瑞', 'dept': {'path': '/koios/10011453293', 'code': '10013028623', 'metaName': 'Org', 'name': '销售部'}}",null,null
10082192335,clue,瓦力版,"{'defaultItem': False, 'id': 'option20', 'label': '其它', 'name': 'option20'}",青岛峻汐网络科技有限公司,0,null,null,"{'code': '10064203981', 'metaName': 'User', 'name': '汪军瑞', 'dept': {'path': '/koios/10011453293', 'code': '10013028623', 'metaName': 'Org', 'name': '销售部'}}",null,null
10082192258,clue,瓦力版,null,深圳市豪斌科技有限公司,0,null,null,"{'code': '10036806361', 'metaName': 'User', 'name': '王飞', 'dept': {'path': '/koios/10011453293', 'code': '10013028623', 'metaName': 'Org', 'name': '销售部'}}",null,null
10082172424,clue,瓦力版,null,北京山谷汇科信息科技有限公司,0,null,null,"{'code': '10036806361', 'metaName': 'User', 'name': '王飞', 'dept': {'path': '/koios/10011453293', 'code': '10013028623', 'metaName': 'Org', 'name': '销售部'}}",null,null
10081275294,clue,瓦力版,null,福建微码信息科技有限公司,0,null,null,"{'code': '10013028628', 'metaName': 'User', 'name': '徐毅', 'dept': {'path': '/koios/10011453293', 'code': '10013028623', 'metaName': 'Org', 'name': '销售部'}}",null,null
10081253854,clue,瓦力版,"{'defaultItem': False, 'id': 'option20', 'label': '其它', 'name': 'option20'}",深圳市数心科技有限公司,0,null,null,"{'code': '10064203981', 'metaName': 'User', 'name': '汪军瑞', 'dept': {'path': '/koios/10011453293', 'code': '10013028623', 'metaName': 'Org', 'name': '销售部'}}",null,null
10081246032,clue,瓦力版,"{'defaultItem': False, 'id': 'option20', 'label': '其它', 'name': 'option20'}",上海徽宁通信科技有限公司,0,null,null,"{'code': '10064203981', 'metaName': 'User', 'name': '汪军瑞', 'dept': {'path': '/koios/10011453293', 'code': '10013028623', 'metaName': 'Org', 'name': '销售部'}}",null,null
10081245802,clue,瓦力版,"{'defaultItem': False, 'id': 'option20', 'label': '其它', 'name': 'option20'}",上海小持智能科技有限公司,0,null,null,"{'code': '10064203981', 'metaName': 'User', 'name': '汪军瑞', 'dept': {'path': '/koios/10011453293', 'code': '10013028623', 'metaName': 'Org', 'name': '销售部'}}",null,null
10079802929,clue,瓦力版,"{'defaultItem': False, 'id': 'option20', 'label': '其它', 'name': 'option20'}",上海乐言信息科技有限公司,0,null,null,"{'code': '10064203981', 'metaName': 'User', 'name': '汪军瑞', 'dept': {'path': '/koios/10011453293', 'code': '10013028623', 'metaName': 'Org', 'name': '销售部'}}",null,null
10079961334,clue,瓦力版,"{'defaultItem': False, 'id': 'option20', 'label': '其它', 'name': 'option20'}",杭州万玺创服科技有限公司,0,null,null,"{'code': '10064203981', 'metaName': 'User', 'name': '汪军瑞', 'dept': {'path': '/koios/10011453293', 'code': '10013028623', 'metaName': 'Org', 'name': '销售部'}}",null,null
10079962420,clue,瓦力版,"{'defaultItem': False, 'id': 'option20', 'label': '其它', 'name': 'option20'}",苏州一六八网络技术有限公司,0,null,null,"{'code': '10064203981', 'metaName': 'User', 'name': '汪军瑞', 'dept': {'path': '/koios/10011453293', 'code': '10013028623', 'metaName': 'Org', 'name': '销售部'}}",null,null
10079963223,clue,瓦力版,"{'defaultItem': False, 'id': 'option20', 'label': '其它', 'name': 'option20'}",苏州意能通信息技术有限公司,0,null,null,"{'code': '10064203981', 'metaName': 'User', 'name': '汪军瑞', 'dept': {'path': '/koios/10011453293', 'code': '10013028623', 'metaName': 'Org', 'name': '销售部'}}",null,null
10079963420,clue,瓦力版,"{'defaultItem': False, 'id': 'option20', 'label': '其它', 'name': 'option20'}",江苏楷文电信技术有限公司,0,null,null,"{'code': '10064203981', 'metaName': 'User', 'name': '汪军瑞', 'dept': {'path': '/koios/10011453293', 'code': '10013028623', 'metaName': 'Org', 'name': '销售部'}}",null,null
10079734112,clue,瓦力版,"{'defaultItem': False, 'id': 'option20', 'label': '其它', 'name': 'option20'}",云洞(上海)科技股份有限公司,0,null,null,"{'code': '10064203981', 'metaName': 'User', 'name': '汪军瑞', 'dept': {'path': '/koios/10011453293', 'code': '10013028623', 'metaName': 'Org', 'name': '销售部'}}",null,null
10081079655,clue,瓦力版,"{'defaultItem': False, 'id': 'option20', 'label': '其它', 'name': 'option20'}",深圳市微服网络信息技术有限公司,0,null,null,"{'code': '10064203981', 'metaName': 'User', 'name': '汪军瑞', 'dept': {'path': '/koios/10011453293', 'code': '10013028623', 'metaName': 'Org', 'name': '销售部'}}",null,null
10080922719,clue,瓦力版,"{'defaultItem': False, 'id': 'option20', 'label': '其它', 'name': 'option20'}",上海汉天信息科技有限公司,0,null,null,"{'code': '10064203981', 'metaName': 'User', 'name': '汪军瑞', 'dept': {'path': '/koios/10011453293', 'code': '10013028623', 'metaName': 'Org', 'name': '销售部'}}",null,null
10080914939,clue,瓦力版,"{'defaultItem': False, 'id': 'option20', 'label': '其它', 'name': 'option20'}",上海啦米信息科技有限公司,0,null,null,"{'code': '10064203981', 'metaName': 'User', 'name': '汪军瑞', 'dept': {'path': '/koios/10011453293', 'code': '10013028623', 'metaName': 'Org', 'name': '销售部'}}",null,null
10081132731,clue,瓦力版,"{'defaultItem': False, 'id': 'option20', 'label': '其它', 'name': 'option20'}",北京华云天下科技有限公司,0,null,null,"{'code': '10064203981', 'metaName': 'User', 'name': '汪军瑞', 'dept': {'path': '/koios/10011453293', 'code': '10013028623', 'metaName': 'Org', 'name': '销售部'}}",null,null
10081135763,clue,瓦力版,"{'defaultItem': False, 'id': 'option20', 'label': '其它', 'name': 'option20'}",北京智齿博创科技有限公司,0,null,null,"{'code': '10064203981', 'metaName': 'User', 'name': '汪军瑞', 'dept': {'path': '/koios/10011453293', 'code': '10013028623', 'metaName': 'Org', 'name': '销售部'}}",null,null
10081189164,clue,瓦力版,"{'defaultItem': False, 'id': 'option20', 'label': '其它', 'name': 'option20'}",北京易掌云峰科技有限公司,0,null,null,"{'code': '10064203981', 'metaName': 'User', 'name': '汪军瑞', 'dept': {'path': '/koios/10011453293', 'code': '10013028623', 'metaName': 'Org', 'name': '销售部'}}",null,null
10081187848,clue,瓦力版,"{'defaultItem': False, 'id': 'option20', 'label': '其它', 'name': 'option20'}",浙江一芯智能科技有限公司,0,null,null,"{'code': '10064203981', 'metaName': 'User', 'name': '汪军瑞', 'dept': {'path': '/koios/10011453293', 'code': '10013028623', 'metaName': 'Org', 'name': '销售部'}}",null,null
10081185439,clue,瓦力版,null,北京金万维科技有限公司,0,null,null,"{'code': '10036806361', 'metaName': 'User', 'name': '王飞', 'dept': {'path': '/koios/10011453293', 'code': '10013028623', 'metaName': 'Org', 'name': '销售部'}}",null,null
10081185249,clue,瓦力版,null,杭州米卡迪智能科技有限公司,0,null,null,"{'code': '10036806361', 'metaName': 'User', 'name': '王飞', 'dept': {'path': '/koios/10011453293', 'code': '10013028623', 'metaName': 'Org', 'name': '销售部'}}",null,null
10081175663,clue,栗子分销,null,东阳市千云网络科技有限公司,0,null,null,"{'code': '10036806361', 'metaName': 'User', 'name': '王飞', 'dept': {'path': '/koios/10011453293', 'code': '10013028623', 'metaName': 'Org', 'name': '销售部'}}",null,null
10081135509,clue,栗子分销,null,南京五钻投资管理有限公司,0,null,null,"{'code': '10036806361', 'metaName': 'User', 'name': '王飞', 'dept': {'path': '/koios/10011453293', 'code': '10013028623', 'metaName': 'Org', 'name': '销售部'}}",null,null
10079961611,clue,栗子商机,"{'defaultItem': False, 'id': 'option16', 'label': '网络信息', 'name': 'option16'}",杭州承天之佑网络科技有限公司,0,null,null,"{'code': '10064203947', 'metaName': 'User', 'name': '杨维维', 'dept': {'path': '/koios/10011453293', 'code': '10013028623', 'metaName': 'Org', 'name': '销售部'}}",null,null
10079893967,clue,栗子商机,"{'defaultItem': False, 'id': 'option16', 'label': '网络信息', 'name': 'option16'}",浙江星空互语智能科技有限公司,0,null,null,"{'code': '10064203947', 'metaName': 'User', 'name': '杨维维', 'dept': {'path': '/koios/10011453293', 'code': '10013028623', 'metaName': 'Org', 'name': '销售部'}}",null,null
10079894577,clue,栗子商机,"{'defaultItem': False, 'id': 'option16', 'label': '网络信息', 'name': 'option16'}",嘉兴移领网络科技有限公司,0,null,null,"{'code': '10064203947', 'metaName': 'User', 'name': '杨维维', 'dept': {'path': '/koios/10011453293', 'code': '10013028623', 'metaName': 'Org', 'name': '销售部'}}",null,null
10080974352,clue,栗子分销,null,杭州快象网络技术有限公司,0,null,null,"{'code': '10036806361', 'metaName': 'User', 'name': '王飞', 'dept': {'path': '/koios/10011453293', 'code': '10013028623', 'metaName': 'Org', 'name': '销售部'}}",null,null
10064207284,clue,栗子分销,null,赣州市也码科技有限公司,0,null,null,"{'code': '10036806361', 'metaName': 'User', 'name': '王飞', 'dept': {'path': '/koios/10011453293', 'code': '10013028623', 'metaName': 'Org', 'name': '销售部'}}",null,null
10060373974,clue,栗子分销,null,南京瀚承鸿澜信息科技有限公司,0,null,null,"{'code': '10036806361', 'metaName': 'User', 'name': '王飞', 'dept': {'path': '/koios/10011453293', 'code': '10013028623', 'metaName': 'Org', 'name': '销售部'}}",null,null
10058055057,clue,栗子分销,null,上海丝惜网络科技有限公司,0,null,null,"{'code': '10036806361', 'metaName': 'User', 'name': '王飞', 'dept': {'path': '/koios/10011453293', 'code': '10013028623', 'metaName': 'Org', 'name': '销售部'}}",null,null
10058005362,clue,栗子分销,null,上海多聚智能科技有限公司,0,null,null,"{'code': '10036806361', 'metaName': 'User', 'name': '王飞', 'dept': {'path': '/koios/10011453293', 'code': '10013028623', 'metaName': 'Org', 'name': '销售部'}}",null,null
10055114160,clue,栗子分销,null,杭州万玺创服科技有限公司,0,null,null,"{'code': '10036806361', 'metaName': 'User', 'name': '王飞', 'dept': {'path': '/koios/10011453293', 'code': '10013028623', 'metaName': 'Org', 'name': '销售部'}}",null,null
10054648180,clue,栗子产品分销,null,万蚓网络科技（上海）有限公司,0,null,null,"{'code': '10013028628', 'metaName': 'User', 'name': '徐毅', 'dept': {'path': '/koios/10011453293', 'code': '10013028623', 'metaName': 'Org', 'name': '销售部'}}",null,null
10054620445,clue,栗子产品分销,null,深圳市一号互联科技有限公司上海分公司,0,null,null,"{'code': '10013028628', 'metaName': 'User', 'name': '徐毅', 'dept': {'path': '/koios/10011453293', 'code': '10013028623', 'metaName': 'Org', 'name': '销售部'}}",null,null
10054061173,clue,Udesk采购栗子,null,Udesk,0,null,null,"{'code': '10011453294', 'metaName': 'User', 'name': '陈摩西', 'dept': {'path': '/koios', 'code': '10011453293', 'metaName': 'Org', 'name': '上海客优数据科技有限公司'}}",null,null
10053409693,clue,栗子分销对接,null,沈阳汀兰科技有限公司,0,null,null,"{'code': '10036806361', 'metaName': 'User', 'name': '王飞', 'dept': {'path': '/koios/10011453293', 'code': '10013028623', 'metaName': 'Org', 'name': '销售部'}}",null,null
10051380876,clue,栗子分销,null,杭州艾达智能科技有限公司,0,null,null,"{'code': '10036806361', 'metaName': 'User', 'name': '王飞', 'dept': {'path': '/koios/10011453293', 'code': '10013028623', 'metaName': 'Org', 'name': '销售部'}}",null,null
10051132281,clue,栗子线索分销,null,浙江百应科技有限公司,0,null,null,"{'code': '10036806361', 'metaName': 'User', 'name': '王飞', 'dept': {'path': '/koios/10011453293', 'code': '10013028623', 'metaName': 'Org', 'name': '销售部'}}",null,null
10051348384,clue,栗子分销,null,南京千语智能科技有限公司,0,null,null,"{'code': '10036806361', 'metaName': 'User', 'name': '王飞', 'dept': {'path': '/koios/10011453293', 'code': '10013028623', 'metaName': 'Org', 'name': '销售部'}}",null,null
10051344252,clue,栗子分销,null,杭州元利智能科技有限公司,0,null,null,"{'code': '10036806361', 'metaName': 'User', 'name': '王飞', 'dept': {'path': '/koios/10011453293', 'code': '10013028623', 'metaName': 'Org', 'name': '销售部'}}",null,null
10047077720,clue,栗子商机对接,null,南通优普企业管理咨询有限公司,0,null,null,"{'code': '10036806361', 'metaName': 'User', 'name': '王飞', 'dept': {'path': '/koios/10011453293', 'code': '10013028623', 'metaName': 'Org', 'name': '销售部'}}",null,null
10042193669,clue,企业监控,null,深圳佳信隆,0,null,null,"{'code': '10036806361', 'metaName': 'User', 'name': '王飞', 'dept': {'path': '/koios/10011453293', 'code': '10013028623', 'metaName': 'Org', 'name': '销售部'}}",null,null
10042193513,clue,通标,null,SGS,0,null,null,"{'code': '10016894346', 'metaName': 'User', 'name': '金大江', 'dept': {'path': '/koios/10011453293', 'code': '10013028623', 'metaName': 'Org', 'name': '销售部'}}",null,null
10040980438,clue,国美电器-税务接口,null,国美电器,0,null,null,"{'code': '10016894346', 'metaName': 'User', 'name': '金大江', 'dept': {'path': '/koios/10011453293', 'code': '10013028623', 'metaName': 'Org', 'name': '销售部'}}",null,null
10036697169,clue,数据接口,null,上海禾劲实业有限公司,0,null,null,"{'code': '10013028628', 'metaName': 'User', 'name': '徐毅', 'dept': {'path': '/koios/10011453293', 'code': '10013028623', 'metaName': 'Org', 'name': '销售部'}}",null,null
10031284554,clue,监控接口,null,新浪支付,1,1553743303457,无效信息,null,null,null
10031284621,clue,监控接口,null,集奥聚合,0,null,null,"{'code': '10013028628', 'metaName': 'User', 'name': '徐毅', 'dept': {'path': '/koios/10011453293', 'code': '10013028623', 'metaName': 'Org', 'name': '销售部'}}",null,null
10030337290,clue,上海连源-数据采购,null,上海连源信息科技有限公司,0,null,null,"{'code': '10016894346', 'metaName': 'User', 'name': '金大江', 'dept': {'path': '/koios/10011453293', 'code': '10013028623', 'metaName': 'Org', 'name': '销售部'}}",null,null
10028961512,clue,中诚信托有限责任公司,null,中诚信托有限责任公司,0,null,null,"{'code': '10016894346', 'metaName': 'User', 'name': '金大江', 'dept': {'path': '/koios/10011453293', 'code': '10013028623', 'metaName': 'Org', 'name': '销售部'}}",null,null
10028961465,clue,穆先生,null,null,0,null,null,"{'code': '10016894346', 'metaName': 'User', 'name': '金大江', 'dept': {'path': '/koios/10011453293', 'code': '10013028623', 'metaName': 'Org', 'name': '销售部'}}",null,null
10028961428,clue,金控集团,null,金控集团,0,null,null,"{'code': '10016894346', 'metaName': 'User', 'name': '金大江', 'dept': {'path': '/koios/10011453293', 'code': '10013028623', 'metaName': 'Org', 'name': '销售部'}}",null,null
10028961115,clue,苏州汇川技术有限公司,null,苏州汇川技术有限公司,0,null,null,"{'code': '10016894346', 'metaName': 'User', 'name': '金大江', 'dept': {'path': '/koios/10011453293', 'code': '10013028623', 'metaName': 'Org', 'name': '销售部'}}",null,null
10027071698,clue,栗子产品分销,null,上海海河信息科技有限公司,0,null,null,"{'code': '10013028628', 'metaName': 'User', 'name': '徐毅', 'dept': {'path': '/koios/10011453293', 'code': '10013028623', 'metaName': 'Org', 'name': '销售部'}}",null,null
10024192319,clue,工商接口调用,"{'defaultItem': False, 'id': 'option20', 'label': '其它', 'name': 'option20'}",沈先生,0,null,null,"{'code': '10013028628', 'metaName': 'User', 'name': '徐毅', 'dept': {'path': '/koios/10011453293', 'code': '10013028623', 'metaName': 'Org', 'name': '销售部'}}",null,null
10024192398,clue,离线数据采购-陈伟然,null,北京合享智慧科技有限公司,0,null,null,"{'code': '10016894346', 'metaName': 'User', 'name': '金大江', 'dept': {'path': '/koios/10011453293', 'code': '10013028623', 'metaName': 'Org', 'name': '销售部'}}",null,null
10024192395,clue,数据采购-李总,null,广东造价宝网络科技有限公司,0,null,null,"{'code': '10016894346', 'metaName': 'User', 'name': '金大江', 'dept': {'path': '/koios/10011453293', 'code': '10013028623', 'metaName': 'Org', 'name': '销售部'}}",null,null
10024192325,clue,工商接口调用-陈女士,null,江苏瑞德信息产业有限公司,0,null,null,"{'code': '10016894346', 'metaName': 'User', 'name': '金大江', 'dept': {'path': '/koios/10011453293', 'code': '10013028623', 'metaName': 'Org', 'name': '销售部'}}",null,null
10023366968,clue,监控接口对接,null,毕皑（上海）商务咨询有限公司,0,null,null,"{'code': '10013028628', 'metaName': 'User', 'name': '徐毅', 'dept': {'path': '/koios/10011453293', 'code': '10013028623', 'metaName': 'Org', 'name': '销售部'}}",null,null
10022990133,clue,人保财险爬虫数据服务,null,人保财险,0,null,null,"{'code': '10016894346', 'metaName': 'User', 'name': '金大江', 'dept': {'path': '/koios/10011453293', 'code': '10013028623', 'metaName': 'Org', 'name': '销售部'}}",null,null
10022802086,clue,苏州建行-金融产品研发,null,建设银行苏州分行,0,null,null,"{'code': '10016894346', 'metaName': 'User', 'name': '金大江', 'dept': {'path': '/koios/10011453293', 'code': '10013028623', 'metaName': 'Org', 'name': '销售部'}}",null,null
10022796952,clue,线索-苏州农行,null,农业银行苏州分行,0,null,null,"{'code': '10016894346', 'metaName': 'User', 'name': '金大江', 'dept': {'path': '/koios/10011453293', 'code': '10013028623', 'metaName': 'Org', 'name': '销售部'}}",null,null
10017198518,clue,易点租-线索,null,北京华清易点科技有限公司,0,null,null,"{'code': '10016894346', 'metaName': 'User', 'name': '金大江', 'dept': {'path': '/koios/10011453293', 'code': '10013028623', 'metaName': 'Org', 'name': '销售部'}}",null,null
10019280502,clue,吴江农商银行,null,苏州吴江农村商业银行,0,null,null,"{'code': '10016894346', 'metaName': 'User', 'name': '金大江', 'dept': {'path': '/koios/10011453293', 'code': '10013028623', 'metaName': 'Org', 'name': '销售部'}}",null,null
10015831317,clue,深圳云印CRM分销风险监控,"{'defaultItem': False, 'id': 'option18', 'label': '客户介绍', 'name': 'option18'}",云印技术（深圳）有限公司,0,null,null,"{'code': '10016894346', 'metaName': 'User', 'name': '金大江', 'dept': {'path': '/koios/10011453293', 'code': '10013028623', 'metaName': 'Org', 'name': '销售部'}}",null,null
10017196435,clue,人保财险整库,null,人保财险,0,null,null,"{'code': '10016894346', 'metaName': 'User', 'name': '金大江', 'dept': {'path': '/koios/10011453293', 'code': '10013028623', 'metaName': 'Org', 'name': '销售部'}}",null,null
10016672910,clue,工商数据库+更新,null,苏宁征信,0,null,null,"{'code': '10013028628', 'metaName': 'User', 'name': '徐毅', 'dept': {'path': '/koios/10011453293', 'code': '10013028623', 'metaName': 'Org', 'name': '销售部'}}",null,null
10013173103,clue,数据带爬-百度,"{'defaultItem': False, 'id': 'option18', 'label': '客户介绍', 'name': 'option18'}",百度时代网络技术(北京)有限公司,0,null,null,"{'code': '10013028628', 'metaName': 'User', 'name': '徐毅', 'dept': {'path': '/koios/10011453293', 'code': '10013028623', 'metaName': 'Org', 'name': '销售部'}}",null,null
